{
  "Control": {
    "weight": 1,
    "prefs": {
      "urlclassifier.trackingAnnotationTable": "test-track-simple,base-track-digest256",
      "network.cookie.cookieBehavior": 0,
      "general.useragent.override.getpocket.com": "Mozilla/5.0 Gecko/20100101 Firefox Study-ETP-Off",
      "general.useragent.override.pocket.com": "Mozilla/5.0 Gecko/20100101 Firefox Study-ETP-Off"
    }
  },

  "Experiment": {
    "weight": 1,
    "prefs": {
      "urlclassifier.trackingAnnotationTable": "test-track-simple,base-track-digest256,content-track-digest256",
      "network.cookie.cookieBehavior": 4,
      "general.useragent.override.getpocket.com": "Mozilla/5.0 Gecko/20100101 Firefox Study-ETP-On",
      "general.useragent.override.pocket.com": "Mozilla/5.0 Gecko/20100101 Firefox Study-ETP-On"
    }
  }
}
